Page,Page URL,SEO Title,Meta Description,Page Content (HTML),Internal Link 1,Internal Link 2,Internal Link 3,External Link
Home,/,SR22 Insurance Virginia Beach VA,Need SR-22 insurance in Virginia Beach? Tidewater SR22 Insurance Virginia Beach gets high-risk drivers affordable coverage and fast DMV filings. Call (757) 960-7569 for a free quote.,"<h1>SR-22 Insurance in Virginia Beach, Virginia</h1>
<p>Getting back on the road after a license suspension shouldn't feel impossible. At Tidewater SR22 Insurance Virginia Beach, we specialize in one thing: helping high-risk drivers across Virginia Beach and Hampton Roads find affordable SR-22 coverage and get their filings submitted correctly the first time. Whether you're a vehicle owner, a non-owner, or an owner-operator, our team knows exactly what Virginia requires and how to get you moving again without overpaying.</p>
<p>Call <a href=""tel:+17579607569"">(757) 960-7569</a> and one of our SR-22 specialists will walk you through your options in minutes.</p>
<h2>Why Drivers Across Virginia Beach Choose Tidewater</h2>
<p>We've spent years helping Virginia Beach drivers with less-than-perfect driving records navigate the paperwork, deadlines, and insurance requirements tied to SR-22 filings. We understand the stress that comes with a suspended license &mdash; missed work, canceled plans, and the constant worry about what happens next. That's exactly why our approach starts with listening. We ask about your situation, your budget, and your timeline, then match you with coverage that actually fits.</p>
<p>Not every insurance shop handles SR-22 filings the same way, and mistakes on these forms can cost you weeks of delay. Our specialists file directly and correctly, so you're not stuck waiting or re-submitting paperwork. If you're unsure whether you even need an SR-22, our <a href=""/what-is-sr22/"">guide to SR-22 certificate requirements</a> breaks down exactly what the certificate is and why the state requires it.</p>
<h2>Who Needs an SR-22 in Virginia</h2>
<p>Virginia generally requires an SR-22 filing after specific driving violations, including:</p>
<ul>
<li>Unsatisfied motor vehicle judgments</li>
<li>Uninsured motor vehicle suspensions</li>
<li>Failure to provide proof of insurance during monitoring</li>
<li>Falsifying insurance certification</li>
<li>Driver license suspension resulting from specific felony or serious traffic convictions</li>
</ul>
<p>If any of this sounds familiar, chances are the DMV has already notified you. For the full step-by-step process, visit our <a href=""/how-to-get-an-sr22-in-virginia-beach/"">Virginia Beach license reinstatement and filing guide</a>, which walks through exactly what to expect from start to finish.</p>
<h2>Coverage Options for Every Situation</h2>
<p>Not everyone needing an SR-22 owns a car. If you don't currently own a vehicle but still need to satisfy Virginia's filing requirement, a non-owner policy is usually the more affordable path. Our <a href=""/non-owners-sr22-insurance/"">non-owner policy options</a> page explains how this type of policy works, who qualifies, and how much lower the premiums typically run compared to a standard owner policy.</p>
<p>We also work with motorcycle riders, owner-operators, and drivers who need coverage on vehicles they don't personally own, such as a borrowed or rented car. Whatever your situation, we've likely handled something similar before.</p>
<h2>Fast, Accurate Filings</h2>
<p>Virginia law requires your SR-22 to be filed correctly and on time &mdash; missing the deadline can mean an extended suspension and additional reinstatement fees. According to <a href=""https://www.dmv.virginia.gov/businesses/insurance/certifications"" target=""_blank"" rel=""noopener"">Virginia DMV's official SR-22 filing requirements</a>, drivers must maintain their filing for the entire required period, and DMV will suspend driving privileges again if the filing lapses. We track these deadlines for you and keep your policy active so you never have to think twice about it.</p>
<h2>Serving Virginia Beach and the Greater Hampton Roads Area</h2>
<p>Tidewater SR22 Insurance Virginia Beach proudly serves drivers throughout the region, including Norfolk, Chesapeake, Newport News, Hampton, Portsmouth, Suffolk, Williamsburg, Poquoson, Smithfield, and Yorktown. No matter which side of the water you're on, our team can typically get quotes turned around the same day.</p>
<h2>Questions? We're Here to Help</h2>
<p>Insurance jargon can be confusing, especially when you're already dealing with a suspended license. Check out our <a href=""/faq/"">FAQ</a> page for quick answers to the most common questions we hear, or reach out directly through our <a href=""/contact-us/"">Contact Us</a> page and a specialist will respond promptly.</p>
<h2>What Makes Tidewater Different</h2>
<p>A lot of agencies treat SR-22 filings as an afterthought &mdash; a box to check on the way to selling a standard policy. We do the opposite. SR-22 filings are the core of what we do, every single day, which means we've seen nearly every version of the situation you're in. That experience matters when you're on a deadline: we know which carriers process filings the fastest, which ones offer the best rates for your specific violation type, and which paperwork mistakes tend to cause delays at the DMV.</p>
<p>We also believe in straight talk. If a non-owner policy will save you money and still meet your requirement, we'll tell you that instead of upselling you into a more expensive plan. If your rates are going to be higher because of a recent violation, we'll say so honestly and help you find the most competitive option available rather than the flashiest one. Our goal isn't a single sale &mdash; it's making sure you stay compliant, stay insured, and get back to normal as quickly as possible.</p>
<p>That approach has made us a go-to resource for drivers throughout Virginia Beach and the Hampton Roads metro who want a straightforward answer instead of a sales pitch.</p>
<p>Visit our local office at 513 19th St ste 110, Virginia Beach, VA 23451, United States, or call Tidewater SR22 Insurance Virginia Beach today at <a href=""tel:+17579607569"">(757) 960-7569</a> for a free, no-pressure SR-22 quote. We answer questions fast and file paperwork faster.</p>","""guide to SR-22 certificate requirements"" -> /what-is-sr22/","""Virginia Beach license reinstatement and filing guide"" -> /how-to-get-an-sr22-in-virginia-beach/","""non-owner policy options"" -> /non-owners-sr22-insurance/","""Virginia DMV's official SR-22 filing requirements"" -> https://www.dmv.virginia.gov/businesses/insurance/certifications"
What is SR-22?,/what-is-sr22/,What Is SR-22 Insurance?,"Confused about SR-22 requirements? Learn what an SR-22 is, who needs one in Virginia, and how long you must carry it. Free help: (757) 960-7569.","<h1>What Is an SR-22?</h1>
<p>If the Virginia DMV has told you that you need an SR-22, you probably have questions &mdash; starting with what the term even means. Here's the short version: an SR-22 is not a type of insurance policy. It's a certificate your insurance company files with the state confirming that you carry the minimum liability coverage Virginia requires. Think of it as proof, not a product.</p>
<h2>Why It's Called Financial Responsibility</h2>
<p>In Virginia, the formal requirement is known as Financial Responsibility Certification. Once your insurer files it, the state has documented evidence that you're carrying valid coverage. If that coverage lapses for any reason, your insurance company is required to notify the DMV immediately, which triggers another suspension. That's part of why SR-22 policies tend to cost more than standard coverage &mdash; insurers are taking on additional reporting responsibility and insuring a driver the state has flagged as higher risk.</p>
<p>According to <a href=""https://www.dmv.virginia.gov/businesses/insurance/certifications"" target=""_blank"" rel=""noopener"">Virginia DMV's official SR-22 filing requirements</a>, an SR-22 filing begins on the date the DMV receives the certificate, and drivers must maintain the filing for the entire period required &mdash; even if they don't own a car. That last part surprises a lot of people, which is why we built a dedicated <a href=""/non-owners-sr22-insurance/"">non-owner insurance guide</a> explaining how coverage works if you don't currently have a vehicle.</p>
<h2>Who Actually Needs One</h2>
<p>Not every driver needs an SR-22. The state typically requires the filing after:</p>
<ul>
<li>An uninsured motor vehicle suspension or crash</li>
<li>Unsatisfied judgments following an accident</li>
<li>Failure to provide proof of insurance during monitoring</li>
<li>Falsifying insurance certification with the DMV</li>
<li>Certain felony or serious traffic-related license suspensions</li>
</ul>
<p>If you've received a notice from the DMV mentioning ""financial responsibility"" or ""SR-22,"" that's your cue to start shopping for a policy that includes the filing service. (Note: for DUI convictions in Virginia, an FR-44 filing with double liability limits is generally required instead of an SR-22). Our <a href=""/how-to-get-an-sr22-in-virginia-beach/"">step-by-step Virginia filing process</a> page lays out the exact steps, from choosing a provider to confirming the DMV accepted your filing.</p>
<h2>How Long You'll Need to Keep It</h2>
<p>In Virginia, drivers are typically required to carry an SR-22 for three continuous years. It's critical to maintain continuous coverage during this period &mdash; even a brief lapse can restart the clock or trigger a new suspension. This is one of the biggest reasons drivers work with a specialist rather than trying to piece together coverage on their own: missing a renewal date by even a day can undo months of compliance.</p>
<h2>SR-22 vs. Regular Auto Insurance</h2>
<p>An SR-22 policy still functions like normal auto insurance &mdash; you're covered for liability, and depending on the policy, potentially collision and comprehensive coverage too. The difference is the filing itself and, often, the premium. Because you're considered a higher-risk driver in the eyes of insurers, rates are typically higher than a clean-record policy. The good news is that rates vary significantly between carriers, which is exactly why shopping around (or letting a specialist shop for you) makes such a difference.</p>
<h2>What Happens If You Don't File</h2>
<p>Skipping the filing, letting it lapse, or missing a payment on the underlying policy can lead to another suspension, additional reinstatement fees, and a restart of your required filing period. It's a frustrating cycle to get caught in, which is why our team keeps close track of your policy status and renewal dates on your behalf.</p>
<h2>Get Help From Local Specialists</h2>
<p>Tidewater SR22 Insurance Virginia Beach has helped drivers throughout Hampton Roads &mdash; from Norfolk to Chesapeake &mdash; understand exactly what their SR-22 requirement means and how to satisfy it at the lowest possible cost. If you still have questions, our <a href=""/faq/"">frequently asked questions</a> page covers the details we get asked about most, or you can reach our team directly at our Virginia Beach office located at 513 19th St ste 110, Virginia Beach, VA 23451, United States.</p>
<h2>Common Myths About SR-22 Insurance</h2>
<p>A surprising amount of misinformation circulates around SR-22 filings, so let's clear up a few things. First, an SR-22 doesn't automatically follow you forever &mdash; once your required period ends, you're free to shop for standard coverage again. Second, you don't need to own a car to be required to carry one; the filing is tied to the driver, not the vehicle. Third, not every insurance company charges dramatically more just because a filing is involved &mdash; some carriers specialize in high-risk drivers and price accordingly, which is why comparing quotes matters so much.</p>
<p>Another common misconception is that the SR-22 itself is complicated paperwork you need to handle yourself. In reality, your insurance company files it directly with the DMV on your behalf &mdash; your job is simply choosing the right policy and keeping it active. The moment your insurer submits the certificate, the state has what it needs, and you can focus on getting back to normal driving privileges.</p>
<p>Call Tidewater SR22 Insurance Virginia Beach today at <a href=""tel:+17579607569"">(757) 960-7569</a> for a free, no-pressure SR-22 quote. We answer questions fast and file paperwork faster.</p>","""non-owner insurance guide"" -> /non-owners-sr22-insurance/","""step-by-step Virginia filing process"" -> /how-to-get-an-sr22-in-virginia-beach/","""frequently asked questions"" -> /faq/","""Virginia DMV's official SR-22 filing requirements"" -> https://www.dmv.virginia.gov/businesses/insurance/certifications"
How Do I Get an SR-22 in Virginia Beach,/how-to-get-an-sr22-in-virginia-beach/,"How to Get SR-22 Insurance in Virginia Beach, VA","Step-by-step guide to filing an SR-22 in Virginia Beach, Virginia. Learn what to do, what it costs, and how to avoid delays. Call (757) 960-7569 for help today.","<h1>How Do I Get an SR-22 in Virginia Beach?</h1>
<p>If the Virginia DMV has notified you that you need to file an SR-22, the process is more straightforward than it feels at first. Here's exactly how Virginia Beach-area drivers typically get from notice to reinstated license.</p>
<h2>Step 1: Confirm What the DMV Actually Requires</h2>
<p>Start by reading your notice carefully, or checking your DMV record online, to confirm the exact filing required (SR-22 or FR-44) and how long you'll need to maintain it. Not sure what an SR-22 even is? Our <a href=""/what-is-sr22/"">overview of what an SR-22 certificate means</a> explains the certificate in plain language before you go any further.</p>
<h2>Step 2: Find an Insurer That Files SR-22s in Virginia</h2>
<p>Not every insurance company handles SR-22 filings, and not every agent is experienced with the process. You'll want a provider who files directly and electronically with the Virginia DMV and can confirm receipt. Tidewater SR22 Insurance Virginia Beach handles this daily, which means fewer delays and fewer surprises.</p>
<h2>Step 3: Decide Between Owner and Non-Owner Coverage</h2>
<p>If you own a vehicle, you'll typically need a standard SR-22 auto policy. If you don't currently own a car but still need the filing &mdash; often to get a license reinstated for work &mdash; a non-owner policy is usually available at a lower cost. Visit our <a href=""/non-owners-sr22-insurance/"">non-owner SR-22 coverage overview</a> to see which category fits your situation.</p>
<h2>Step 4: Get a Quote and Compare</h2>
<p>SR-22 rates vary more between insurers than standard auto insurance does, since some carriers specialize in high-risk drivers and others avoid the category altogether. Getting a few quotes &mdash; or letting a specialist shop on your behalf &mdash; can mean the difference of hundreds of dollars a year. Call <a href=""tel:+17579607569"">(757) 960-7569</a> and we'll give you a straight answer on pricing before you commit to anything.</p>
<h2>Step 5: Purchase the Policy and Authorize the Filing</h2>
<p>Once you select a policy, your insurer files the SR-22 certificate directly with the Virginia DMV. Per <a href=""https://www.dmv.virginia.gov/businesses/insurance/certifications"" target=""_blank"" rel=""noopener"">Virginia DMV's official SR-22 filing requirements</a>, the filing officially begins on the date the DMV receives it &mdash; not the date your policy starts &mdash; so timing matters, especially if you're working against a suspension deadline.</p>
<h2>Step 6: Pay Any Required Reinstatement Fees</h2>
<p>If your license was already suspended, you'll typically need to pay a reinstatement fee (and any applicable non-compliance fees) to the DMV in addition to securing your SR-22 policy. Your insurance doesn't cover this fee &mdash; it's a separate state charge, so budget for it alongside your premium.</p>
<h2>Step 7: Maintain Continuous Coverage</h2>
<p>This is the step people most often trip up on. If your SR-22 policy lapses &mdash; even for a missed payment &mdash; your insurer is required to notify the DMV, which can trigger a new suspension and restart your filing period from scratch. Set up autopay, keep contact information current with your insurer, and don't let a policy lapse over a billing mix-up.</p>
<h2>How Long the Process Takes</h2>
<p>Many drivers in the Virginia Beach area can get a policy bound and filed within a single business day once they've decided on coverage. The DMV's processing time on their end is often rapid via electronic filing, but it's worth confirming your filing was received rather than assuming it went through.</p>
<h2>Local Help, Every Step of the Way</h2>
<p>Tidewater SR22 Insurance Virginia Beach works with drivers across Hampton Roads &mdash; including Norfolk, Chesapeake, Newport News, and Hampton &mdash; to get SR-22 filings submitted quickly and correctly. Our local office is conveniently located at 513 19th St ste 110, Virginia Beach, VA 23451, United States. If you still have questions about the process, check our <a href=""/faq/"">helpful SR-22 answers</a> page or reach out through our <a href=""/contact-us/"">Contact Us</a> page.</p>
<h2>Common Mistakes to Avoid</h2>
<p>The most frequent mistake we see is drivers assuming a policy is filed the moment they pay for it, without confirming the DMV actually received the certificate. Always ask your insurer for confirmation, especially if you're working against a suspension deadline. The second most common mistake is letting a policy lapse over a missed payment &mdash; even a short gap can trigger a new suspension and reset your required filing period from day one.</p>
<p>A third mistake is shopping based on the first quote received rather than comparing a couple of options. SR-22 pricing varies significantly by carrier, and a specialist who works with multiple insurers can often find a meaningfully better rate than a single generalist agency. Finally, some drivers wait too long to start the process, assuming it will take days to sort out. In most cases, it doesn't &mdash; starting today can mean a filed SR-22 by tomorrow.</p>
<p>Call Tidewater SR22 Insurance Virginia Beach today at <a href=""tel:+17579607569"">(757) 960-7569</a> for a free, no-pressure SR-22 quote. We answer questions fast and file paperwork faster.</p>","""overview of what an SR-22 certificate means"" -> /what-is-sr22/","""non-owner SR-22 coverage overview"" -> /non-owners-sr22-insurance/","""helpful SR-22 answers"" -> /faq/","""Virginia DMV's official SR-22 filing requirements"" -> https://www.dmv.virginia.gov/businesses/insurance/certifications"
Non-Owners SR-22 Insurance,/non-owners-sr22-insurance/,Non-Owner SR22 Insurance Virginia Beach VA,Don't own a car but need an SR-22? Learn how non-owner SR-22 insurance works in Virginia Beach and get a low-cost quote. Call (757) 960-7569 today.,"<h1>What Is Non-Owners SR-22 Insurance?</h1>
<p>Plenty of drivers who need an SR-22 don't actually own a car &mdash; and that surprises almost everyone the first time they hear it. If the DMV requires you to file an SR-22 but you don't have a vehicle registered in your name, a non-owner SR-22 policy is very likely the right fit.</p>
<h2>How Non-Owner Coverage Works</h2>
<p>A non-owner SR-22 policy provides liability coverage for you as a driver, regardless of which vehicle you're operating &mdash; as long as you don't own it. That means you're covered driving a friend's car, a rental, or a borrowed vehicle, without needing to insure a specific car you don't have. It satisfies Virginia's filing requirement the same way a standard owner policy does, just structured around the driver rather than the vehicle.</p>
<p>Per <a href=""https://www.dmv.virginia.gov/businesses/insurance/certifications"" target=""_blank"" rel=""noopener"">Virginia DMV's official SR-22 filing requirements</a>, Virginia law requires you to maintain financial responsibility for the full required period regardless of your vehicle ownership status. A non-owner policy exists specifically to make that possible without forcing you to buy or insure a car you don't need.</p>
<h2>Who Typically Needs This Coverage</h2>
<p>We see a few common situations where non-owner SR-22 insurance makes sense:</p>
<ul>
<li>You need your license reinstated for work but don't currently own a car</li>
<li>You rely on rideshares, borrowed vehicles, or public transit day-to-day</li>
<li>You're between vehicles and don't want a lapse in your filing</li>
<li>You're looking for the lowest-cost way to satisfy the SR-22 requirement</li>
</ul>
<p>If any of these sound like you, this is almost certainly the more affordable path compared to a full owner policy. Not sure whether you even qualify for an SR-22 filing in the first place? Our <a href=""/what-is-sr22/"">SR-22 rules and qualifications</a> guide covers the basics.</p>
<h2>Why It Usually Costs Less</h2>
<p>Because a non-owner policy doesn't need to cover a specific vehicle &mdash; no comprehensive or collision coverage on a car you own &mdash; premiums are generally lower than a standard SR-22 auto policy. You're still covered for liability if you're at fault in an accident while driving someone else's car, but you're not paying to insure a vehicle that isn't yours.</p>
<h2>What It Doesn't Cover</h2>
<p>It's worth being clear-eyed about the limits. Non-owner policies typically don't cover damage to the vehicle you're driving (that's on the vehicle owner's own insurance), and they won't cover a car you purchase later unless you update your policy. If you buy a vehicle while on a non-owner policy, you'll need to switch to a standard SR-22 auto policy right away to stay properly covered and compliant.</p>
<h2>Getting Started</h2>
<p>Getting a non-owner SR-22 policy set up is usually quick. You'll need your driver's license number, details about the violation that triggered the requirement, and basic personal information. From there, your insurer files the certificate directly with the DMV. For the full walkthrough of what happens next, see our <a href=""/how-to-get-an-sr22-in-virginia-beach/"">detailed Virginia Beach filing instructions</a>.</p>
<h2>We've Helped Drivers Across Hampton Roads</h2>
<p>Tidewater SR22 Insurance Virginia Beach has processed non-owner SR-22 policies for drivers throughout the area, from Norfolk to Chesapeake to Portsmouth. We know the paperwork, we know the timelines, and we know how to keep your cost as low as possible while staying fully compliant with the state.</p>
<h2>Still Have Questions?</h2>
<p>Visit our <a href=""/faq/"">common filing questions</a> page for quick answers, or visit us at 513 19th St ste 110, Virginia Beach, VA 23451, United States. We're happy to walk through your specific situation and tell you honestly whether a non-owner policy makes sense for you.</p>
<h2>Switching From Non-Owner to Owner Coverage</h2>
<p>Life circumstances change, and plenty of drivers who start on a non-owner policy end up purchasing a vehicle before their required filing period ends. If that happens to you, it's important to update your coverage right away rather than assuming your existing policy carries over automatically &mdash; it doesn't. A non-owner policy specifically excludes coverage for a vehicle you own, so driving a newly purchased car under a non-owner SR-22 policy would leave you without proper coverage and out of compliance with the state's requirement.</p>
<p>The good news is that switching is usually simple. We'll help you transition to a standard SR-22 auto policy that covers your new vehicle while keeping your filing continuous with the DMV, so there's no gap and no risk of a new suspension. Just give us a call before you drive the new vehicle so we can get everything updated in advance.</p>
<p>Call Tidewater SR22 Insurance Virginia Beach today at <a href=""tel:+17579607569"">(757) 960-7569</a> for a free, no-pressure SR-22 quote. We answer questions fast and file paperwork faster.</p>","""SR-22 rules and qualifications"" -> /what-is-sr22/","""detailed Virginia Beach filing instructions"" -> /how-to-get-an-sr22-in-virginia-beach/","""common filing questions"" -> /faq/","""Virginia DMV's official SR-22 filing requirements"" -> https://www.dmv.virginia.gov/businesses/insurance/certifications"
FAQ,/faq/,SR-22 Insurance FAQ,"Answers to the most common SR-22 insurance questions: cost, timeline, non-owner policies, and more. Call Tidewater SR22 Virginia Beach at (757) 960-7569.","<h1>Frequently Asked Questions About SR-22 Insurance</h1>
<p>Here are the questions Virginia Beach and Virginia drivers ask us most often about SR-22 insurance. If you don't see your question below, our <a href=""/contact-us/"">Contact Us</a> page connects you directly with a specialist.</p>
<h2>Is an SR-22 a type of insurance?</h2>
<p>No. An SR-22 is a certificate your insurance company files with the DMV proving you carry the state's required minimum liability coverage. Learn more on our <a href=""/what-is-sr22/"">financial responsibility certificate guide</a>.</p>
<h2>Why do I need an SR-22?</h2>
<p>Virginia typically requires an SR-22 filing after an uninsured motor vehicle suspension, unsatisfied accident judgment, failure to provide insurance proof, or certain serious traffic convictions. (Note that DUI convictions in Virginia typically require an FR-44 filing with higher limits). If you're unsure why you specifically were flagged, <a href=""https://www.dmv.virginia.gov/businesses/insurance/certifications"" target=""_blank"" rel=""noopener"">the Virginia DMV</a> can confirm the exact reason tied to your record.</p>
<h2>How long do I have to carry an SR-22 in Virginia?</h2>
<p>The required period in Virginia is typically three continuous years. It's critical to maintain continuous coverage during that entire window &mdash; a lapse can restart the clock.</p>
<h2>What happens if my SR-22 policy lapses?</h2>
<p>Your insurer is required to notify the DMV if your policy lapses or is canceled. That notification triggers another license suspension and restarts your required filing period, so it's important to never miss a payment.</p>
<h2>Do I need an SR-22 if I don't own a car?</h2>
<p>Yes. Virginia requires the filing regardless of vehicle ownership. If you don't own a car, a non-owner SR-22 policy satisfies the requirement, usually at a lower cost than a standard owner policy. See our <a href=""/non-owners-sr22-insurance/"">no-car SR-22 insurance solutions</a> page for details.</p>
<h2>How much does SR-22 insurance cost?</h2>
<p>Cost varies significantly based on your driving history, the violation involved, your age, and which insurer you choose. Because rates differ so much between carriers, getting a specific quote is the only reliable way to know your actual cost &mdash; call <a href=""tel:+17579607569"">(757) 960-7569</a> and we'll give you a straight number.</p>
<h2>Will my rates go back to normal once the SR-22 period ends?</h2>
<p>Often, yes &mdash; once your required filing period ends and your driving record improves, standard insurance rates typically become available again. Maintaining a clean record and continuous coverage during your SR-22 period helps your rates normalize faster.</p>
<h2>Can I switch insurance companies while on an SR-22?</h2>
<p>Yes, but you need to make sure there's no gap in coverage during the switch, and your new insurer needs to file a new SR-22 certificate with the DMV before or as your old policy ends. We handle this transition carefully to avoid any lapse.</p>
<h2>Does SR-22 insurance cover motorcycles?</h2>
<p>Yes. Motorcycle riders who require a financial responsibility certification under Virginia law may also need an SR-22 filing before their license is reinstated. Motorcycle SR-22 policies are generally less expensive than auto policies, though pricing still depends on your record and the bike you ride.</p>
<h2>How fast can I get my SR-22 filed?</h2>
<p>Many drivers can get a policy bound and the certificate filed electronically within a single business day. For the full process, see our <a href=""/how-to-get-an-sr22-in-virginia-beach/"">Virginia Beach driver licensing guide</a>.</p>
<h2>Do you serve my area?</h2>
<p>Tidewater SR22 Insurance Virginia Beach serves all of Hampton Roads and Coastal Virginia, including Norfolk, Chesapeake, Newport News, Hampton, Portsmouth, Suffolk, Williamsburg, Poquoson, Smithfield, and Yorktown.</p>
<h2>Can I drive at all while my SR-22 filing is being processed?</h2>
<p>Generally, no &mdash; if your license is currently suspended, you shouldn't drive until it's officially reinstated and your SR-22 has been accepted by the DMV. Driving while suspended can add new violations to your record and further extend your required filing period, so it's worth the short wait to get everything filed properly first.</p>
<h2>Can I get an SR-22 the same day my license was suspended?</h2>
<p>Often, yes. If you already know which insurer you want to work with and have your driver's license information ready, many drivers can get a policy quoted, purchased, and filed with the DMV within the same business day.</p>
<h2>What is the difference between an SR-22 and an FR-44 in Virginia?</h2>
<p>In Virginia, an SR-22 certifies standard minimum liability limits ($50,000/$100,000/$25,000) typically following uninsured suspensions or judgments. An FR-44 is required for DUI/DWI convictions and requires double the liability coverage ($100,000/$300,000/$50,000).</p>
<h2>Still Have Questions?</h2>
<p>We'd rather you ask than guess. Visit us at 513 19th St ste 110, Virginia Beach, VA 23451, United States or reach out any time and we'll give you a clear, honest answer about your specific situation.</p>
<p>Call Tidewater SR22 Insurance Virginia Beach today at <a href=""tel:+17579607569"">(757) 960-7569</a> for a free, no-pressure SR-22 quote. We answer questions fast and file paperwork faster.</p>","""financial responsibility certificate guide"" -> /what-is-sr22/","""no-car SR-22 insurance solutions"" -> /non-owners-sr22-insurance/","""Virginia Beach driver licensing guide"" -> /how-to-get-an-sr22-in-virginia-beach/","""the Virginia DMV"" -> https://www.dmv.virginia.gov/businesses/insurance/certifications"
Contact Us,/contact-us/,Contact Tidewater SR22 Insurance Virginia Beach,"Contact Tidewater SR22 Insurance Virginia Beach for a free SR-22 quote. Fast filings, honest pricing, local specialists. Call (757) 960-7569 now.","<h1>Contact Tidewater SR22 Insurance Virginia Beach</h1>
<p>Whether you're just starting to research SR-22 requirements or you're up against a filing deadline, our team is ready to help. Visit our local office at 513 19th St ste 110, Virginia Beach, VA 23451, United States, or call us directly at <a href=""tel:+17579607569"">(757) 960-7569</a> and speak with a specialist &mdash; no automated menus, no runaround.</p>
<h2>Office Location & Hours</h2>
<p><strong>Address:</strong> 513 19th St ste 110, Virginia Beach, VA 23451, United States<br>
<strong>Phone:</strong> <a href=""tel:+17579607569"">(757) 960-7569</a></p>
<h2>What to Have Ready When You Call</h2>
<p>To give you the most accurate quote as quickly as possible, it helps to have the following on hand:</p>
<ul>
<li>Your Virginia driver's license number</li>
<li>Any notice you received from the Virginia DMV regarding your SR-22 requirement</li>
<li>Whether you currently own a vehicle</li>
<li>A general idea of the violation that triggered the requirement</li>
</ul>
<p>Don't worry if you don't have all of this in front of you &mdash; we can still get you started and fill in the gaps as we go. If you're not sure what any of this means yet, our <a href=""/what-is-sr22/"">Virginia SR-22 explained</a> page is a good place to start before you call.</p>
<h2>What Happens After You Reach Out</h2>
<p>We'll ask a few quick questions about your driving record and current situation, then walk you through your coverage options &mdash; including whether a standard owner policy or a <a href=""/non-owners-sr22-insurance/"">driver-only SR-22 policy</a> fits you better. From there, we'll give you a clear quote with no hidden fees, and once you're ready, we file your SR-22 certificate directly and electronically with the Virginia DMV.</p>
<h2>How Quickly We Respond</h2>
<p>We know that many of the people who contact us are working against a deadline &mdash; a reinstatement date, a court requirement, or a job that depends on a valid license. We prioritize getting back to you quickly and, in most cases, can get a policy quoted and bound the same day you call.</p>
<h2>Areas We Serve</h2>
<p>Tidewater SR22 Insurance Virginia Beach works with drivers throughout the Hampton Roads metro, including Norfolk, Chesapeake, Newport News, Hampton, Portsmouth, Suffolk, Williamsburg, Poquoson, Smithfield, and Yorktown. No matter which part of the region you're calling from, we can typically help.</p>
<h2>Have a Question Before You Call?</h2>
<p>Our <a href=""/faq/"">answers to common questions</a> page covers the questions we hear most often &mdash; cost, timelines, what happens if a policy lapses, and more. It's worth a quick read if you want to walk into the conversation already informed.</p>
<h2>Other Ways We Can Help</h2>
<p>Beyond standard SR-22 auto policies, we also handle non-owner SR-22 filings and motorcycle SR-22 coverage. If you're not sure which category applies to you, that's exactly the kind of question we're happy to sort out together on the phone. For a full breakdown of the filing process itself, see our <a href=""/how-to-get-an-sr22-in-virginia-beach/"">complete Virginia Beach SR-22 walkthrough</a>.</p>
<h2>Filing Requirements Come From the State</h2>
<p>While we handle your policy and filing, the underlying requirement itself comes from Virginia law. If you want to review the state's own explanation of SR-22 requirements, <a href=""https://www.dmv.virginia.gov/businesses/insurance/certifications"" target=""_blank"" rel=""noopener"">Virginia DMV's official SR-22 filing requirements</a> outlines exactly what's expected and how long filings must be maintained.</p>
<h2>Prefer to Message Instead of Call?</h2>
<p>If you're not ready to talk on the phone, that's completely fine &mdash; stop by our office at 513 19th St ste 110, Virginia Beach, VA 23451, United States or send us a message through the site describing your situation, and a specialist will follow up with a quote and next steps. We keep every conversation judgment-free; our only goal is getting you properly covered and legally back on the road as quickly as possible.</p>
<h2>Our Commitment to You</h2>
<p>We know that reaching out about a suspended license or an SR-22 requirement isn't something people look forward to doing. There's often a mix of frustration, confusion, and urgency involved, and we take that seriously. Every call is handled by someone who actually understands Virginia SR-22 filings &mdash; not a general call center reading from a script. You'll get a real answer about your situation, a real quote, and a real timeline for when you can expect to be back on the road legally.</p>
<p>We also stay available after your policy is bound. If you have a question about a renewal, a change in address, or a new vehicle purchase down the line, you can call the same number and reach someone who already knows your file. That continuity matters, especially during a three-year filing period where circumstances can change.</p>
<h2>Reach Out Today</h2>
<p>Don't wait on a suspended license longer than you have to. Call <a href=""tel:+17579607569"">(757) 960-7569</a> now, and let's get your SR-22 filed correctly and affordably.</p>
<p>Call Tidewater SR22 Insurance Virginia Beach today at <a href=""tel:+17579607569"">(757) 960-7569</a> for a free, no-pressure SR-22 quote. We answer questions fast and file paperwork faster.</p>","""Virginia SR-22 explained"" -> /what-is-sr22/","""driver-only SR-22 policy"" -> /non-owners-sr22-insurance/","""answers to common questions"" -> /faq/","""Virginia DMV's official SR-22 filing requirements"" -> https://www.dmv.virginia.gov/businesses/insurance/certifications"
"Norfolk, VA (Location Page)",/norfolk-va/,SR22 Insurance Norfolk VA,"Need SR-22 insurance in Norfolk, VA? Tidewater SR22 Insurance Virginia Beach offers fast, affordable filings for high-risk drivers. Call (757) 960-7569.","<h1>SR-22 Insurance in Norfolk, Virginia</h1>
<p>If you're a driver in Norfolk dealing with a suspended license or an SR-22 requirement from the Virginia DMV, Tidewater SR22 Insurance Virginia Beach can help you get back on the road quickly and affordably. Norfolk sits directly west of Virginia Beach across I-264, and we regularly work with drivers throughout the city and Naval Station area to get SR-22 policies quoted, bound, and filed without unnecessary delay.</p>
<p>Call <a href=""tel:+17579607569"">(757) 960-7569</a> for a free quote &mdash; most Norfolk drivers can get a policy in place the same day they call.</p>
<h2>Why Norfolk Drivers Work With Us</h2>
<p>Handling an SR-22 requirement isn't something most people have experience with, and the paperwork can feel overwhelming on top of an already stressful situation. Our team specializes specifically in high-risk driver insurance and SR-22 filings, which means we know exactly what the Virginia DMV expects and how to avoid the common mistakes that delay a filing. Not sure what an SR-22 actually is or why you need one? Our <a href=""/what-is-sr22/"">Norfolk SR-22 certificate guide</a> explains it in plain language.</p>
<h2>Owner and Non-Owner Coverage Available</h2>
<p>Many Norfolk drivers assume they need to own a car to satisfy an SR-22 requirement &mdash; that's not the case. If you don't currently own a vehicle, a <a href=""/non-owners-sr22-insurance/"">non-owner auto liability policy</a> can satisfy Virginia's filing requirement at a lower cost than a standard auto policy, covering you as a driver of vehicles you don't own, like a borrowed or rented car. If you do own a vehicle, we'll get you set up with a standard SR-22 auto policy that meets the state's minimum coverage requirements.</p>
<h2>What Triggers an SR-22 Requirement</h2>
<p>Drivers in Norfolk typically end up needing an SR-22 after one of the following:</p>
<ul>
<li>An uninsured motor vehicle suspension or crash</li>
<li>Unsatisfied court judgments</li>
<li>Failure to provide proof of insurance during monitoring</li>
<li>Falsifying insurance certification with the DMV</li>
<li>Driver license suspension resulting from specific moving violations</li>
</ul>
<p>Per <a href=""https://www.dmv.virginia.gov/businesses/insurance/certifications"" target=""_blank"" rel=""noopener"">Virginia DMV's official SR-22 filing requirements</a>, the filing must be maintained for your entire required period (typically 3 years), and a lapse in coverage can trigger another suspension &mdash; even if you don't own a car. We keep close track of your renewal dates so that doesn't happen.</p>
<h2>Getting Started From Norfolk</h2>
<p>The process is straightforward: call us, tell us about your situation, and we'll shop coverage that fits your budget. Once you choose a policy, we file your SR-22 certificate directly with the Virginia DMV. For the complete step-by-step breakdown, visit our <a href=""/how-to-get-an-sr22-in-virginia-beach/"">Virginia DMV reinstatement process</a> guide.</p>
<h2>Local, Responsive Service</h2>
<p>Even though we serve the entire Hampton Roads metro, we treat every Norfolk driver's situation individually. Rates, timelines, and coverage needs vary based on your specific violation and driving history, so we never quote a one-size-fits-all price. We'll give you a real number based on your actual record.</p>
<h2>Have Questions First?</h2>
<p>If you'd rather get informed before calling, our <a href=""/faq/"">frequently asked questions hub</a> answers the questions Norfolk drivers ask us most &mdash; how much SR-22 insurance costs, how long you'll need to carry it, and what happens if your policy lapses.</p>
<h2>Get Your Free Quote Today</h2>
<p>Don't let a suspended license keep you off the road in Norfolk any longer than necessary. Visit our nearby office at 513 19th St ste 110, Virginia Beach, VA 23451, United States or call Tidewater SR22 Insurance Virginia Beach now for a fast, affordable SR-22 quote.</p>
<h2>Motorcycle and Non-Standard Coverage in Norfolk</h2>
<p>We don't just handle standard auto policies for Norfolk drivers. If you ride a motorcycle and require financial responsibility certification under Virginia law, you may need a motorcycle SR-22 filing before your license is reinstated &mdash; and we can help with that too. Pricing depends on your age, riding history, and the type of motorcycle you own, but motorcycle SR-22 policies are generally less expensive than a standard auto policy.</p>
<p>We also work with owner-operators and drivers who need coverage on a vehicle they don't personally own. Whatever your situation looks like, chances are we've helped a Norfolk driver through something similar before, and we'll give you a clear, honest answer about what your options are and what they'll cost.</p>
<h2>Why Speed Matters</h2>
<p>Every day without a reinstated license in Norfolk can mean missed shifts, lost income, or a harder time getting to appointments and family obligations. That's exactly why we prioritize speed without cutting corners &mdash; getting your SR-22 filed correctly the first time is what actually gets you back on the road fastest, since a rejected or delayed filing only adds more waiting on top of an already frustrating situation.</p>
<p>Call Tidewater SR22 Insurance Virginia Beach today at <a href=""tel:+17579607569"">(757) 960-7569</a> for a free, no-pressure SR-22 quote. We answer questions fast and file paperwork faster.</p>","""Norfolk SR-22 certificate guide"" -> /what-is-sr22/","""non-owner auto liability policy"" -> /non-owners-sr22-insurance/","""Virginia DMV reinstatement process"" -> /how-to-get-an-sr22-in-virginia-beach/","""Virginia DMV's official SR-22 filing requirements"" -> https://www.dmv.virginia.gov/businesses/insurance/certifications"
"Chesapeake, VA (Location Page)",/chesapeake-va/,SR22 Insurance Chesapeake VA,"Need SR-22 insurance in Chesapeake, VA? Tidewater SR22 Insurance Virginia Beach offers fast, affordable filings for high-risk drivers. Call (757) 960-7569.","<h1>SR-22 Insurance in Chesapeake, Virginia</h1>
<p>If you're a driver in Chesapeake dealing with a suspended license or an SR-22 requirement from the Virginia DMV, Tidewater SR22 Insurance Virginia Beach can help you get back on the road quickly and affordably. Chesapeake sits directly southwest of Virginia Beach, and we regularly work with drivers throughout the area to get SR-22 policies quoted, bound, and filed without unnecessary delay.</p>
<p>Call <a href=""tel:+17579607569"">(757) 960-7569</a> for a free quote &mdash; most Chesapeake drivers can get a policy in place the same day they call.</p>
<h2>Why Chesapeake Drivers Work With Us</h2>
<p>Handling an SR-22 requirement isn't something most people have experience with, and the paperwork can feel overwhelming on top of an already stressful situation. Our team specializes specifically in high-risk driver insurance and SR-22 filings, which means we know exactly what the Virginia DMV expects and how to avoid the common mistakes that delay a filing. Not sure what an SR-22 actually is or why you need one? Our <a href=""/what-is-sr22/"">SR-22 insurance explained</a> page explains it in plain language.</p>
<h2>Owner and Non-Owner Coverage Available</h2>
<p>Many Chesapeake drivers assume they need to own a car to satisfy an SR-22 requirement &mdash; that's not the case. If you don't currently own a vehicle, a <a href=""/non-owners-sr22-insurance/"">Virginia non-owners policy</a> can satisfy Virginia's filing requirement at a lower cost than a standard auto policy, covering you as a driver of vehicles you don't own, like a borrowed or rented car. If you do own a vehicle, we'll get you set up with a standard SR-22 auto policy that meets the state's minimum coverage requirements.</p>
<h2>What Triggers an SR-22 Requirement</h2>
<p>Drivers in Chesapeake typically end up needing an SR-22 after one of the following:</p>
<ul>
<li>An uninsured motor vehicle suspension or crash</li>
<li>Unsatisfied court judgments</li>
<li>Failure to provide proof of insurance during monitoring</li>
<li>Falsifying insurance certification with the DMV</li>
<li>Driver license suspension resulting from specific moving violations</li>
</ul>
<p>Per <a href=""https://www.dmv.virginia.gov/businesses/insurance/certifications"" target=""_blank"" rel=""noopener"">Virginia DMV's official SR-22 filing requirements</a>, the filing must be maintained for your entire required period, and a lapse in coverage can trigger another suspension &mdash; even if you don't own a car. We keep close track of your renewal dates so that doesn't happen.</p>
<h2>Getting Started From Chesapeake</h2>
<p>The process is straightforward: call us, tell us about your situation, and we'll shop coverage that fits your budget. Once you choose a policy, we file your SR-22 certificate directly with the Virginia DMV. For the complete step-by-step breakdown, visit our <a href=""/how-to-get-an-sr22-in-virginia-beach/"">guide to filing an SR-22 in Virginia</a>.</p>
<h2>Local, Responsive Service</h2>
<p>Even though we serve the entire Hampton Roads area, we treat every Chesapeake driver's situation individually. Rates, timelines, and coverage needs vary based on your specific violation and driving history, so we never quote a one-size-fits-all price. We'll give you a real number based on your actual record.</p>
<h2>Have Questions First?</h2>
<p>If you'd rather get informed before calling, our <a href=""/faq/"">helpful answers resource</a> answers the questions Chesapeake drivers ask us most &mdash; how much SR-22 insurance costs, how long you'll need to carry it, and what happens if your policy lapses.</p>
<h2>Get Your Free Quote Today</h2>
<p>Don't let a suspended license keep you off the road in Chesapeake any longer than necessary. Stop by our office at 513 19th St ste 110, Virginia Beach, VA 23451, United States or call Tidewater SR22 Insurance Virginia Beach now for a fast, affordable SR-22 quote.</p>
<h2>Motorcycle and Non-Standard Coverage in Chesapeake</h2>
<p>We don't just handle standard auto policies for Chesapeake drivers. If you ride a motorcycle and require financial responsibility certification under Virginia law, you may need a motorcycle SR-22 filing before your license is reinstated &mdash; and we can help with that too. Pricing depends on your age, riding history, and the type of motorcycle you own, but motorcycle SR-22 policies are generally less expensive than a standard auto policy.</p>
<p>We also work with owner-operators and drivers who need coverage on a vehicle they don't personally own. Whatever your situation looks like, chances are we've helped a Chesapeake driver through something similar before, and we'll give you a clear, honest answer about what your options are and what they'll cost.</p>
<h2>Why Speed Matters</h2>
<p>Every day without a reinstated license in Chesapeake can mean missed shifts, lost income, or a harder time getting to appointments and family obligations. That's exactly why we prioritize speed without cutting corners &mdash; getting your SR-22 filed correctly the first time is what actually gets you back on the road fastest, since a rejected or delayed filing only adds more waiting on top of an already frustrating situation.</p>
<p>Call Tidewater SR22 Insurance Virginia Beach today at <a href=""tel:+17579607569"">(757) 960-7569</a> for a free, no-pressure SR-22 quote. We answer questions fast and file paperwork faster.</p>","""SR-22 insurance explained"" -> /what-is-sr22/","""Virginia non-owners policy"" -> /non-owners-sr22-insurance/","""guide to filing an SR-22 in Virginia"" -> /how-to-get-an-sr22-in-virginia-beach/","""Virginia DMV's official SR-22 filing requirements"" -> https://www.dmv.virginia.gov/businesses/insurance/certifications"
"Newport News, VA (Location Page)",/newport-news-va/,SR22 Insurance Newport News VA,"Need SR-22 insurance in Newport News, VA? Tidewater SR22 Insurance Virginia Beach offers fast, affordable filings for high-risk drivers. Call (757) 960-7569.","<h1>SR-22 Insurance in Newport News, Virginia</h1>
<p>If you're a driver in Newport News dealing with a suspended license or an SR-22 requirement from the Virginia DMV, Tidewater SR22 Insurance Virginia Beach can help you get back on the road quickly and affordably. Newport News sits on the Peninsula connected via I-64 and the HRBT, and we regularly work with drivers throughout the area to get SR-22 policies quoted, bound, and filed without unnecessary delay.</p>
<p>Call <a href=""tel:+17579607569"">(757) 960-7569</a> for a free quote &mdash; most Newport News drivers can get a policy in place the same day they call.</p>
<h2>Why Newport News Drivers Work With Us</h2>
<p>Handling an SR-22 requirement isn't something most people have experience with, and the paperwork can feel overwhelming on top of an already stressful situation. Our team specializes specifically in high-risk driver insurance and SR-22 filings, which means we know exactly what the Virginia DMV expects and how to avoid the common mistakes that delay a filing. Not sure what an SR-22 actually is or why you need one? Our <a href=""/what-is-sr22/"">state filing requirements overview</a> explains it in plain language.</p>
<h2>Owner and Non-Owner Coverage Available</h2>
<p>Many Newport News drivers assume they need to own a car to satisfy an SR-22 requirement &mdash; that's not the case. If you don't currently own a vehicle, a <a href=""/non-owners-sr22-insurance/"">non-vehicle owner insurance plan</a> can satisfy Virginia's filing requirement at a lower cost than a standard auto policy, covering you as a driver of vehicles you don't own, like a borrowed or rented car. If you do own a vehicle, we'll get you set up with a standard SR-22 auto policy that meets the state's minimum coverage requirements.</p>
<h2>What Triggers an SR-22 Requirement</h2>
<p>Drivers in Newport News typically end up needing an SR-22 after one of the following:</p>
<ul>
<li>An uninsured motor vehicle suspension or crash</li>
<li>Unsatisfied court judgments</li>
<li>Failure to provide proof of insurance during monitoring</li>
<li>Falsifying insurance certification with the DMV</li>
<li>Driver license suspension resulting from specific moving violations</li>
</ul>
<p>Per <a href=""https://www.dmv.virginia.gov/businesses/insurance/certifications"" target=""_blank"" rel=""noopener"">Virginia DMV's official SR-22 filing requirements</a>, the filing must be maintained for your entire required period, and a lapse in coverage can trigger another suspension &mdash; even if you don't own a car. We keep close track of your renewal dates so that doesn't happen.</p>
<h2>Getting Started From Newport News</h2>
<p>The process is straightforward: call us, tell us about your situation, and we'll shop coverage that fits your budget. Once you choose a policy, we file your SR-22 certificate directly with the Virginia DMV. For the complete step-by-step breakdown, visit our <a href=""/how-to-get-an-sr22-in-virginia-beach/"">Hampton Roads filing roadmap</a>.</p>
<h2>Local, Responsive Service</h2>
<p>Even though we serve all of Hampton Roads, we treat every Newport News driver's situation individually. Rates, timelines, and coverage needs vary based on your specific violation and driving history, so we never quote a one-size-fits-all price. We'll give you a real number based on your actual record.</p>
<h2>Have Questions First?</h2>
<p>If you'd rather get informed before calling, our <a href=""/faq/"">SR-22 questions and answers</a> answers the questions Newport News drivers ask us most &mdash; how much SR-22 insurance costs, how long you'll need to carry it, and what happens if your policy lapses.</p>
<h2>Get Your Free Quote Today</h2>
<p>Don't let a suspended license keep you off the road in Newport News any longer than necessary. Visit our office at 513 19th St ste 110, Virginia Beach, VA 23451, United States or call Tidewater SR22 Insurance Virginia Beach now for a fast, affordable SR-22 quote.</p>
<h2>Motorcycle and Non-Standard Coverage in Newport News</h2>
<p>We don't just handle standard auto policies for Newport News drivers. If you ride a motorcycle and require financial responsibility certification under Virginia law, you may need a motorcycle SR-22 filing before your license is reinstated &mdash; and we can help with that too. Pricing depends on your age, riding history, and the type of motorcycle you own, but motorcycle SR-22 policies are generally less expensive than a standard auto policy.</p>
<p>We also work with owner-operators and drivers who need coverage on a vehicle they don't personally own. Whatever your situation looks like, chances are we've helped a Newport News driver through something similar before, and we'll give you a clear, honest answer about what your options are and what they'll cost.</p>
<h2>Why Speed Matters</h2>
<p>Every day without a reinstated license in Newport News can mean missed shifts, lost income, or a harder time getting to appointments and family obligations. That's exactly why we prioritize speed without cutting corners &mdash; getting your SR-22 filed correctly the first time is what actually gets you back on the road fastest, since a rejected or delayed filing only adds more waiting on top of an already frustrating situation.</p>
<p>Call Tidewater SR22 Insurance Virginia Beach today at <a href=""tel:+17579607569"">(757) 960-7569</a> for a free, no-pressure SR-22 quote. We answer questions fast and file paperwork faster.</p>","""state filing requirements overview"" -> /what-is-sr22/","""non-vehicle owner insurance plan"" -> /non-owners-sr22-insurance/","""Hampton Roads filing roadmap"" -> /how-to-get-an-sr22-in-virginia-beach/","""Virginia DMV's official SR-22 filing requirements"" -> https://www.dmv.virginia.gov/businesses/insurance/certifications"
"Hampton, VA (Location Page)",/hampton-va/,SR22 Insurance Hampton VA,"Need SR-22 insurance in Hampton, VA? Tidewater SR22 Insurance Virginia Beach offers fast, affordable filings for high-risk drivers. Call (757) 960-7569.","<h1>SR-22 Insurance in Hampton, Virginia</h1>
<p>If you're a driver in Hampton dealing with a suspended license or an SR-22 requirement from the Virginia DMV, Tidewater SR22 Insurance Virginia Beach can help you get back on the road quickly and affordably. Hampton sits across the bay along the I-64 corridor, and we regularly work with drivers throughout the area to get SR-22 policies quoted, bound, and filed without unnecessary delay.</p>
<p>Call <a href=""tel:+17579607569"">(757) 960-7569</a> for a free quote &mdash; most Hampton drivers can get a policy in place the same day they call.</p>
<h2>Why Hampton Drivers Work With Us</h2>
<p>Handling an SR-22 requirement isn't something most people have experience with, and the paperwork can feel overwhelming on top of an already stressful situation. Our team specializes specifically in high-risk driver insurance and SR-22 filings, which means we know exactly what the Virginia DMV expects and how to avoid the common mistakes that delay a filing. Not sure what an SR-22 actually is or why you need one? Our <a href=""/what-is-sr22/"">certificate of financial responsibility guide</a> explains it in plain language.</p>
<h2>Owner and Non-Owner Coverage Available</h2>
<p>Many Hampton drivers assume they need to own a car to satisfy an SR-22 requirement &mdash; that's not the case. If you don't currently own a vehicle, a <a href=""/non-owners-sr22-insurance/"">non-owner certificate policy</a> can satisfy Virginia's filing requirement at a lower cost than a standard auto policy, covering you as a driver of vehicles you don't own, like a borrowed or rented car. If you do own a vehicle, we'll get you set up with a standard SR-22 auto policy that meets the state's minimum coverage requirements.</p>
<h2>What Triggers an SR-22 Requirement</h2>
<p>Drivers in Hampton typically end up needing an SR-22 after one of the following:</p>
<ul>
<li>An uninsured motor vehicle suspension or crash</li>
<li>Unsatisfied court judgments</li>
<li>Failure to provide proof of insurance during monitoring</li>
<li>Falsifying insurance certification with the DMV</li>
<li>Driver license suspension resulting from specific moving violations</li>
</ul>
<p>Per <a href=""https://www.dmv.virginia.gov/businesses/insurance/certifications"" target=""_blank"" rel=""noopener"">Virginia DMV's official SR-22 filing requirements</a>, the filing must be maintained for your entire required period, and a lapse in coverage can trigger another suspension &mdash; even if you don't own a car. We keep close track of your renewal dates so that doesn't happen.</p>
<h2>Getting Started From Hampton</h2>
<p>The process is straightforward: call us, tell us about your situation, and we'll shop coverage that fits your budget. Once you choose a policy, we file your SR-22 certificate directly with the Virginia DMV. For the complete step-by-step breakdown, visit our <a href=""/how-to-get-an-sr22-in-virginia-beach/"">steps to reinstate your driving privileges</a>.</p>
<h2>Local, Responsive Service</h2>
<p>Even though we serve the entire Hampton Roads area, we treat every Hampton driver's situation individually. Rates, timelines, and coverage needs vary based on your specific violation and driving history, so we never quote a one-size-fits-all price. We'll give you a real number based on your actual record.</p>
<h2>Have Questions First?</h2>
<p>If you'd rather get informed before calling, our <a href=""/faq/"">driver FAQ section</a> answers the questions Hampton drivers ask us most &mdash; how much SR-22 insurance costs, how long you'll need to carry it, and what happens if your policy lapses.</p>
<h2>Get Your Free Quote Today</h2>
<p>Don't let a suspended license keep you off the road in Hampton any longer than necessary. Stop by our office at 513 19th St ste 110, Virginia Beach, VA 23451, United States or call Tidewater SR22 Insurance Virginia Beach now for a fast, affordable SR-22 quote.</p>
<h2>Motorcycle and Non-Standard Coverage in Hampton</h2>
<p>We don't just handle standard auto policies for Hampton drivers. If you ride a motorcycle and require financial responsibility certification under Virginia law, you may need a motorcycle SR-22 filing before your license is reinstated &mdash; and we can help with that too. Pricing depends on your age, riding history, and the type of motorcycle you own, but motorcycle SR-22 policies are generally less expensive than a standard auto policy.</p>
<p>We also work with owner-operators and drivers who need coverage on a vehicle they don't personally own. Whatever your situation looks like, chances are we've helped a Hampton driver through something similar before, and we'll give you a clear, honest answer about what your options are and what they'll cost.</p>
<h2>Why Speed Matters</h2>
<p>Every day without a reinstated license in Hampton can mean missed shifts, lost income, or a harder time getting to appointments and family obligations. That's exactly why we prioritize speed without cutting corners &mdash; getting your SR-22 filed correctly the first time is what actually gets you back on the road fastest, since a rejected or delayed filing only adds more waiting on top of an already frustrating situation.</p>
<p>Call Tidewater SR22 Insurance Virginia Beach today at <a href=""tel:+17579607569"">(757) 960-7569</a> for a free, no-pressure SR-22 quote. We answer questions fast and file paperwork faster.</p>","""certificate of financial responsibility guide"" -> /what-is-sr22/","""non-owner certificate policy"" -> /non-owners-sr22-insurance/","""steps to reinstate your driving privileges"" -> /how-to-get-an-sr22-in-virginia-beach/","""Virginia DMV's official SR-22 filing requirements"" -> https://www.dmv.virginia.gov/businesses/insurance/certifications"
"Portsmouth, VA (Location Page)",/portsmouth-va/,SR22 Insurance Portsmouth VA,"Need SR-22 insurance in Portsmouth, VA? Tidewater SR22 Insurance Virginia Beach offers fast, affordable filings for high-risk drivers. Call (757) 960-7569.","<h1>SR-22 Insurance in Portsmouth, Virginia</h1>
<p>If you're a driver in Portsmouth dealing with a suspended license or an SR-22 requirement from the Virginia DMV, Tidewater SR22 Insurance Virginia Beach can help you get back on the road quickly and affordably. Portsmouth sits along the Elizabeth River across from Norfolk, and we regularly work with drivers throughout the city to get SR-22 policies quoted, bound, and filed without unnecessary delay.</p>
<p>Call <a href=""tel:+17579607569"">(757) 960-7569</a> for a free quote &mdash; most Portsmouth drivers can get a policy in place the same day they call.</p>
<h2>Why Portsmouth Drivers Work With Us</h2>
<p>Handling an SR-22 requirement isn't something most people have experience with, and the paperwork can feel overwhelming on top of an already stressful situation. Our team specializes specifically in high-risk driver insurance and SR-22 filings, which means we know exactly what the Virginia DMV expects and how to avoid the common mistakes that delay a filing. Not sure what an SR-22 actually is or why you need one? Our <a href=""/what-is-sr22/"">Virginia SR-22 basics</a> page explains it in plain language.</p>
<h2>Owner and Non-Owner Coverage Available</h2>
<p>Many Portsmouth drivers assume they need to own a car to satisfy an SR-22 requirement &mdash; that's not the case. If you don't currently own a vehicle, an <a href=""/non-owners-sr22-insurance/"">affordable non-owner filing</a> can satisfy Virginia's filing requirement at a lower cost than a standard auto policy, covering you as a driver of vehicles you don't own, like a borrowed or rented car. If you do own a vehicle, we'll get you set up with a standard SR-22 auto policy that meets the state's minimum coverage requirements.</p>
<h2>What Triggers an SR-22 Requirement</h2>
<p>Drivers in Portsmouth typically end up needing an SR-22 after one of the following:</p>
<ul>
<li>An uninsured motor vehicle suspension or crash</li>
<li>Unsatisfied court judgments</li>
<li>Failure to provide proof of insurance during monitoring</li>
<li>Falsifying insurance certification with the DMV</li>
<li>Driver license suspension resulting from specific moving violations</li>
</ul>
<p>Per <a href=""https://www.dmv.virginia.gov/businesses/insurance/certifications"" target=""_blank"" rel=""noopener"">Virginia DMV's official SR-22 filing requirements</a>, the filing must be maintained for your entire required period, and a lapse in coverage can trigger another suspension &mdash; even if you don't own a car. We keep close track of your renewal dates so that doesn't happen.</p>
<h2>Getting Started From Portsmouth</h2>
<p>The process is straightforward: call us, tell us about your situation, and we'll shop coverage that fits your budget. Once you choose a policy, we file your SR-22 certificate directly with the Virginia DMV. For the complete step-by-step breakdown, visit our <a href=""/how-to-get-an-sr22-in-virginia-beach/"">local SR-22 submission guide</a>.</p>
<h2>Local, Responsive Service</h2>
<p>Even though we serve the entire Hampton Roads metro, we treat every Portsmouth driver's situation individually. Rates, timelines, and coverage needs vary based on your specific violation and driving history, so we never quote a one-size-fits-all price. We'll give you a real number based on your actual record.</p>
<h2>Have Questions First?</h2>
<p>If you'd rather get informed before calling, our <a href=""/faq/"">client questions answered</a> answers the questions Portsmouth drivers ask us most &mdash; how much SR-22 insurance costs, how long you'll need to carry it, and what happens if your policy lapses.</p>
<h2>Get Your Free Quote Today</h2>
<p>Don't let a suspended license keep you off the road in Portsmouth any longer than necessary. Visit our office at 513 19th St ste 110, Virginia Beach, VA 23451, United States or call Tidewater SR22 Insurance Virginia Beach now for a fast, affordable SR-22 quote.</p>
<h2>Motorcycle and Non-Standard Coverage in Portsmouth</h2>
<p>We don't just handle standard auto policies for Portsmouth drivers. If you ride a motorcycle and require financial responsibility certification under Virginia law, you may need a motorcycle SR-22 filing before your license is reinstated &mdash; and we can help with that too. Pricing depends on your age, riding history, and the type of motorcycle you own, but motorcycle SR-22 policies are generally less expensive than a standard auto policy.</p>
<p>We also work with owner-operators and drivers who need coverage on a vehicle they don't personally own. Whatever your situation looks like, chances are we've helped a Portsmouth driver through something similar before, and we'll give you a clear, honest answer about what your options are and what they'll cost.</p>
<h2>Why Speed Matters</h2>
<p>Every day without a reinstated license in Portsmouth can mean missed shifts, lost income, or a harder time getting to appointments and family obligations. That's exactly why we prioritize speed without cutting corners &mdash; getting your SR-22 filed correctly the first time is what actually gets you back on the road fastest, since a rejected or delayed filing only adds more waiting on top of an already frustrating situation.</p>
<p>Call Tidewater SR22 Insurance Virginia Beach today at <a href=""tel:+17579607569"">(757) 960-7569</a> for a free, no-pressure SR-22 quote. We answer questions fast and file paperwork faster.</p>","""Virginia SR-22 basics"" -> /what-is-sr22/","""affordable non-owner filing"" -> /non-owners-sr22-insurance/","""local SR-22 submission guide"" -> /how-to-get-an-sr22-in-virginia-beach/","""Virginia DMV's official SR-22 filing requirements"" -> https://www.dmv.virginia.gov/businesses/insurance/certifications"
"Suffolk, VA (Location Page)",/suffolk-va/,SR22 Insurance Suffolk VA,"Need SR-22 insurance in Suffolk, VA? Tidewater SR22 Insurance Virginia Beach offers fast, affordable filings for high-risk drivers. Call (757) 960-7569.","<h1>SR-22 Insurance in Suffolk, Virginia</h1>
<p>If you're a driver in Suffolk dealing with a suspended license or an SR-22 requirement from the Virginia DMV, Tidewater SR22 Insurance Virginia Beach can help you get back on the road quickly and affordably. Suffolk is Virginia's largest city by land area, situated southwest of Portsmouth and Chesapeake, and we regularly work with drivers throughout the city to get SR-22 policies quoted, bound, and filed without unnecessary delay.</p>
<p>Call <a href=""tel:+17579607569"">(757) 960-7569</a> for a free quote &mdash; most Suffolk drivers can get a policy in place the same day they call.</p>
<h2>Why Suffolk Drivers Work With Us</h2>
<p>Handling an SR-22 requirement isn't something most people have experience with, and the paperwork can feel overwhelming on top of an already stressful situation. Our team specializes specifically in high-risk driver insurance and SR-22 filings, which means we know exactly what the Virginia DMV expects and how to avoid the common mistakes that delay a filing. Not sure what an SR-22 actually is or why you need one? Our <a href=""/what-is-sr22/"">comprehensive SR-22 guide</a> explains it in plain language.</p>
<h2>Owner and Non-Owner Coverage Available</h2>
<p>Many Suffolk drivers assume they need to own a car to satisfy an SR-22 requirement &mdash; that's not the case. If you don't currently own a vehicle, a <a href=""/non-owners-sr22-insurance/"">carless driver insurance certificate</a> can satisfy Virginia's filing requirement at a lower cost than a standard auto policy, covering you as a driver of vehicles you don't own, like a borrowed or rented car. If you do own a vehicle, we'll get you set up with a standard SR-22 auto policy that meets the state's minimum coverage requirements.</p>
<h2>What Triggers an SR-22 Requirement</h2>
<p>Drivers in Suffolk typically end up needing an SR-22 after one of the following:</p>
<ul>
<li>An uninsured motor vehicle suspension or crash</li>
<li>Unsatisfied court judgments</li>
<li>Failure to provide proof of insurance during monitoring</li>
<li>Falsifying insurance certification with the DMV</li>
<li>Driver license suspension resulting from specific moving violations</li>
</ul>
<p>Per <a href=""https://www.dmv.virginia.gov/businesses/insurance/certifications"" target=""_blank"" rel=""noopener"">Virginia DMV's official SR-22 filing requirements</a>, the filing must be maintained for your entire required period, and a lapse in coverage can trigger another suspension &mdash; even if you don't own a car. We keep close track of your renewal dates so that doesn't happen.</p>
<h2>Getting Started From Suffolk</h2>
<p>The process is straightforward: call us, tell us about your situation, and we'll shop coverage that fits your budget. Once you choose a policy, we file your SR-22 certificate directly with the Virginia DMV. For the complete step-by-step breakdown, visit our <a href=""/how-to-get-an-sr22-in-virginia-beach/"">how to get an SR-22 guide</a>.</p>
<h2>Local, Responsive Service</h2>
<p>Even though we serve the entire Hampton Roads region, we treat every Suffolk driver's situation individually. Rates, timelines, and coverage needs vary based on your specific violation and driving history, so we never quote a one-size-fits-all price. We'll give you a real number based on your actual record.</p>
<h2>Have Questions First?</h2>
<p>If you'd rather get informed before calling, our <a href=""/faq/"">insurance FAQ directory</a> answers the questions Suffolk drivers ask us most &mdash; how much SR-22 insurance costs, how long you'll need to carry it, and what happens if your policy lapses.</p>
<h2>Get Your Free Quote Today</h2>
<p>Don't let a suspended license keep you off the road in Suffolk any longer than necessary. Stop by our office at 513 19th St ste 110, Virginia Beach, VA 23451, United States or call Tidewater SR22 Insurance Virginia Beach now for a fast, affordable SR-22 quote.</p>
<h2>Motorcycle and Non-Standard Coverage in Suffolk</h2>
<p>We don't just handle standard auto policies for Suffolk drivers. If you ride a motorcycle and require financial responsibility certification under Virginia law, you may need a motorcycle SR-22 filing before your license is reinstated &mdash; and we can help with that too. Pricing depends on your age, riding history, and the type of motorcycle you own, but motorcycle SR-22 policies are generally less expensive than a standard auto policy.</p>
<p>We also work with owner-operators and drivers who need coverage on a vehicle they don't personally own. Whatever your situation looks like, chances are we've helped a Suffolk driver through something similar before, and we'll give you a clear, honest answer about what your options are and what they'll cost.</p>
<h2>Why Speed Matters</h2>
<p>Every day without a reinstated license in Suffolk can mean missed shifts, lost income, or a harder time getting to appointments and family obligations. That's exactly why we prioritize speed without cutting corners &mdash; getting your SR-22 filed correctly the first time is what actually gets you back on the road fastest, since a rejected or delayed filing only adds more waiting on top of an already frustrating situation.</p>
<p>Call Tidewater SR22 Insurance Virginia Beach today at <a href=""tel:+17579607569"">(757) 960-7569</a> for a free, no-pressure SR-22 quote. We answer questions fast and file paperwork faster.</p>","""comprehensive SR-22 guide"" -> /what-is-sr22/","""carless driver insurance certificate"" -> /non-owners-sr22-insurance/","""how to get an SR-22 guide"" -> /how-to-get-an-sr22-in-virginia-beach/","""Virginia DMV's official SR-22 filing requirements"" -> https://www.dmv.virginia.gov/businesses/insurance/certifications"
"Williamsburg, VA (Location Page)",/williamsburg-va/,SR22 Insurance Williamsburg VA,"Need SR-22 insurance in Williamsburg, VA? Tidewater SR22 Insurance Virginia Beach offers fast, affordable filings for high-risk drivers. Call (757) 960-7569.","<h1>SR-22 Insurance in Williamsburg, Virginia</h1>
<p>If you're a driver in Williamsburg dealing with a suspended license or an SR-22 requirement from the Virginia DMV, Tidewater SR22 Insurance Virginia Beach can help you get back on the road quickly and affordably. Williamsburg sits on the historic Virginia Peninsula along I-64, and we regularly work with drivers throughout the area to get SR-22 policies quoted, bound, and filed without unnecessary delay.</p>
<p>Call <a href=""tel:+17579607569"">(757) 960-7569</a> for a free quote &mdash; most Williamsburg drivers can get a policy in place the same day they call.</p>
<h2>Why Williamsburg Drivers Work With Us</h2>
<p>Handling an SR-22 requirement isn't something most people have experience with, and the paperwork can feel overwhelming on top of an already stressful situation. Our team specializes specifically in high-risk driver insurance and SR-22 filings, which means we know exactly what the Virginia DMV expects and how to avoid the common mistakes that delay a filing. Not sure what an SR-22 actually is or why you need one? Our <a href=""/what-is-sr22/"">understanding SR-22 insurance</a> page explains it in plain language.</p>
<h2>Owner and Non-Owner Coverage Available</h2>
<p>Many Williamsburg drivers assume they need to own a car to satisfy an SR-22 requirement &mdash; that's not the case. If you don't currently own a vehicle, a <a href=""/non-owners-sr22-insurance/"">non-owner liability coverage</a> plan can satisfy Virginia's filing requirement at a lower cost than a standard auto policy, covering you as a driver of vehicles you don't own, like a borrowed or rented car. If you do own a vehicle, we'll get you set up with a standard SR-22 auto policy that meets the state's minimum coverage requirements.</p>
<h2>What Triggers an SR-22 Requirement</h2>
<p>Drivers in Williamsburg typically end up needing an SR-22 after one of the following:</p>
<ul>
<li>An uninsured motor vehicle suspension or crash</li>
<li>Unsatisfied court judgments</li>
<li>Failure to provide proof of insurance during monitoring</li>
<li>Falsifying insurance certification with the DMV</li>
<li>Driver license suspension resulting from specific moving violations</li>
</ul>
<p>Per <a href=""https://www.dmv.virginia.gov/businesses/insurance/certifications"" target=""_blank"" rel=""noopener"">Virginia DMV's official SR-22 filing requirements</a>, the filing must be maintained for your entire required period, and a lapse in coverage can trigger another suspension &mdash; even if you don't own a car. We keep close track of your renewal dates so that doesn't happen.</p>
<h2>Getting Started From Williamsburg</h2>
<p>The process is straightforward: call us, tell us about your situation, and we'll shop coverage that fits your budget. Once you choose a policy, we file your SR-22 certificate directly with the Virginia DMV. For the complete step-by-step breakdown, visit our <a href=""/how-to-get-an-sr22-in-virginia-beach/"">Williamsburg driver filing walkthrough</a>.</p>
<h2>Local, Responsive Service</h2>
<p>Even though we serve the entire Hampton Roads region, we treat every Williamsburg driver's situation individually. Rates, timelines, and coverage needs vary based on your specific violation and driving history, so we never quote a one-size-fits-all price. We'll give you a real number based on your actual record.</p>
<h2>Have Questions First?</h2>
<p>If you'd rather get informed before calling, our <a href=""/faq/"">frequently asked queries</a> answers the questions Williamsburg drivers ask us most &mdash; how much SR-22 insurance costs, how long you'll need to carry it, and what happens if your policy lapses.</p>
<h2>Get Your Free Quote Today</h2>
<p>Don't let a suspended license keep you off the road in Williamsburg any longer than necessary. Visit our office at 513 19th St ste 110, Virginia Beach, VA 23451, United States or call Tidewater SR22 Insurance Virginia Beach now for a fast, affordable SR-22 quote.</p>
<h2>Motorcycle and Non-Standard Coverage in Williamsburg</h2>
<p>We don't just handle standard auto policies for Williamsburg drivers. If you ride a motorcycle and require financial responsibility certification under Virginia law, you may need a motorcycle SR-22 filing before your license is reinstated &mdash; and we can help with that too. Pricing depends on your age, riding history, and the type of motorcycle you own, but motorcycle SR-22 policies are generally less expensive than a standard auto policy.</p>
<p>We also work with owner-operators and drivers who need coverage on a vehicle they don't personally own. Whatever your situation looks like, chances are we've helped a Williamsburg driver through something similar before, and we'll give you a clear, honest answer about what your options are and what they'll cost.</p>
<h2>Why Speed Matters</h2>
<p>Every day without a reinstated license in Williamsburg can mean missed shifts, lost income, or a harder time getting to appointments and family obligations. That's exactly why we prioritize speed without cutting corners &mdash; getting your SR-22 filed correctly the first time is what actually gets you back on the road fastest, since a rejected or delayed filing only adds more waiting on top of an already frustrating situation.</p>
<p>Call Tidewater SR22 Insurance Virginia Beach today at <a href=""tel:+17579607569"">(757) 960-7569</a> for a free, no-pressure SR-22 quote. We answer questions fast and file paperwork faster.</p>","""understanding SR-22 insurance"" -> /what-is-sr22/","""non-owner liability coverage"" -> /non-owners-sr22-insurance/","""Williamsburg driver filing walkthrough"" -> /how-to-get-an-sr22-in-virginia-beach/","""Virginia DMV's official SR-22 filing requirements"" -> https://www.dmv.virginia.gov/businesses/insurance/certifications"
"Poquoson, VA (Location Page)",/poquoson-va/,SR22 Insurance Poquoson VA,"Need SR-22 insurance in Poquoson, VA? Tidewater SR22 Insurance Virginia Beach offers fast, affordable filings for high-risk drivers. Call (757) 960-7569.","<h1>SR-22 Insurance in Poquoson, Virginia</h1>
<p>If you're a driver in Poquoson dealing with a suspended license or an SR-22 requirement from the Virginia DMV, Tidewater SR22 Insurance Virginia Beach can help you get back on the road quickly and affordably. Poquoson sits on the Virginia Peninsula along the Chesapeake Bay, and we regularly work with drivers throughout the area to get SR-22 policies quoted, bound, and filed without unnecessary delay.</p>
<p>Call <a href=""tel:+17579607569"">(757) 960-7569</a> for a free quote &mdash; most Poquoson drivers can get a policy in place the same day they call.</p>
<h2>Why Poquoson Drivers Work With Us</h2>
<p>Handling an SR-22 requirement isn't something most people have experience with, and the paperwork can feel overwhelming on top of an already stressful situation. Our team specializes specifically in high-risk driver insurance and SR-22 filings, which means we know exactly what the Virginia DMV expects and how to avoid the common mistakes that delay a filing. Not sure what an SR-22 actually is or why you need one? Our <a href=""/what-is-sr22/"">SR-22 facts and requirements</a> page explains it in plain language.</p>
<h2>Owner and Non-Owner Coverage Available</h2>
<p>Many Poquoson drivers assume they need to own a car to satisfy an SR-22 requirement &mdash; that's not the case. If you don't currently own a vehicle, a <a href=""/non-owners-sr22-insurance/"">non-owners auto insurance option</a> can satisfy Virginia's filing requirement at a lower cost than a standard auto policy, covering you as a driver of vehicles you don't own, like a borrowed or rented car. If you do own a vehicle, we'll get you set up with a standard SR-22 auto policy that meets the state's minimum coverage requirements.</p>
<h2>What Triggers an SR-22 Requirement</h2>
<p>Drivers in Poquoson typically end up needing an SR-22 after one of the following:</p>
<ul>
<li>An uninsured motor vehicle suspension or crash</li>
<li>Unsatisfied court judgments</li>
<li>Failure to provide proof of insurance during monitoring</li>
<li>Falsifying insurance certification with the DMV</li>
<li>Driver license suspension resulting from specific moving violations</li>
</ul>
<p>Per <a href=""https://www.dmv.virginia.gov/businesses/insurance/certifications"" target=""_blank"" rel=""noopener"">Virginia DMV's official SR-22 filing requirements</a>, the filing must be maintained for your entire required period, and a lapse in coverage can trigger another suspension &mdash; even if you don't own a car. We keep close track of your renewal dates so that doesn't happen.</p>
<h2>Getting Started From Poquoson</h2>
<p>The process is straightforward: call us, tell us about your situation, and we'll shop coverage that fits your budget. Once you choose a policy, we file your SR-22 certificate directly with the Virginia DMV. For the complete step-by-step breakdown, visit our <a href=""/how-to-get-an-sr22-in-virginia-beach/"">Virginia Beach area filing procedure</a>.</p>
<h2>Local, Responsive Service</h2>
<p>Even though we serve all of Hampton Roads, we treat every Poquoson driver's situation individually. Rates, timelines, and coverage needs vary based on your specific violation and driving history, so we never quote a one-size-fits-all price. We'll give you a real number based on your actual record.</p>
<h2>Have Questions First?</h2>
<p>If you'd rather get informed before calling, our <a href=""/faq/"">common insurance questions</a> answers the questions Poquoson drivers ask us most &mdash; how much SR-22 insurance costs, how long you'll need to carry it, and what happens if your policy lapses.</p>
<h2>Get Your Free Quote Today</h2>
<p>Don't let a suspended license keep you off the road in Poquoson any longer than necessary. Call Tidewater SR22 Insurance Virginia Beach now for a fast, affordable SR-22 quote.</p>
<h2>Motorcycle and Non-Standard Coverage in Poquoson</h2>
<p>We don't just handle standard auto policies for Poquoson drivers. If you ride a motorcycle and require financial responsibility certification under Virginia law, you may need a motorcycle SR-22 filing before your license is reinstated &mdash; and we can help with that too. Pricing depends on your age, riding history, and the type of motorcycle you own, but motorcycle SR-22 policies are generally less expensive than a standard auto policy.</p>
<p>We also work with owner-operators and drivers who need coverage on a vehicle they don't personally own. Whatever your situation looks like, chances are we've helped a Poquoson driver through something similar before, and we'll give you a clear, honest answer about what your options are and what they'll cost.</p>
<h2>Why Speed Matters</h2>
<p>Every day without a reinstated license in Poquoson can mean missed shifts, lost income, or a harder time getting to appointments and family obligations. That's exactly why we prioritize speed without cutting corners &mdash; getting your SR-22 filed correctly the first time is what actually gets you back on the road fastest, since a rejected or delayed filing only adds more waiting on top of an already frustrating situation.</p>
<p>Call Tidewater SR22 Insurance Virginia Beach today at <a href=""tel:+17579607569"">(757) 960-7569</a> for a free, no-pressure SR-22 quote. We answer questions fast and file paperwork faster.</p>","""SR-22 facts and requirements"" -> /what-is-sr22/","""non-owners auto insurance option"" -> /non-owners-sr22-insurance/","""Virginia Beach area filing procedure"" -> /how-to-get-an-sr22-in-virginia-beach/","""Virginia DMV's official SR-22 filing requirements"" -> https://www.dmv.virginia.gov/businesses/insurance/certifications"
"Smithfield, VA (Location Page)",/smithfield-va/,SR22 Insurance Smithfield VA,"Need SR-22 insurance in Smithfield, VA? Tidewater SR22 Insurance Virginia Beach offers fast, affordable filings for high-risk drivers. Call (757) 960-7569.","<h1>SR-22 Insurance in Smithfield, Virginia</h1>
<p>If you're a driver in Smithfield dealing with a suspended license or an SR-22 requirement from the Virginia DMV, Tidewater SR22 Insurance Virginia Beach can help you get back on the road quickly and affordably. Smithfield sits in Isle of Wight County across the James River, and we regularly work with drivers throughout the area to get SR-22 policies quoted, bound, and filed without unnecessary delay.</p>
<p>Call <a href=""tel:+17579607569"">(757) 960-7569</a> for a free quote &mdash; most Smithfield drivers can get a policy in place the same day they call.</p>
<h2>Why Smithfield Drivers Work With Us</h2>
<p>Handling an SR-22 requirement isn't something most people have experience with, and the paperwork can feel overwhelming on top of an already stressful situation. Our team specializes specifically in high-risk driver insurance and SR-22 filings, which means we know exactly what the Virginia DMV expects and how to avoid the common mistakes that delay a filing. Not sure what an SR-22 actually is or why you need one? Our <a href=""/what-is-sr22/"">guide to financial responsibility filings</a> explains it in plain language.</p>
<h2>Owner and Non-Owner Coverage Available</h2>
<p>Many Smithfield drivers assume they need to own a car to satisfy an SR-22 requirement &mdash; that's not the case. If you don't currently own a vehicle, a <a href=""/non-owners-sr22-insurance/"">non-owner certificate of insurance</a> can satisfy Virginia's filing requirement at a lower cost than a standard auto policy, covering you as a driver of vehicles you don't own, like a borrowed or rented car. If you do own a vehicle, we'll get you set up with a standard SR-22 auto policy that meets the state's minimum coverage requirements.</p>
<h2>What Triggers an SR-22 Requirement</h2>
<p>Drivers in Smithfield typically end up needing an SR-22 after one of the following:</p>
<ul>
<li>An uninsured motor vehicle suspension or crash</li>
<li>Unsatisfied court judgments</li>
<li>Failure to provide proof of insurance during monitoring</li>
<li>Falsifying insurance certification with the DMV</li>
<li>Driver license suspension resulting from specific moving violations</li>
</ul>
<p>Per <a href=""https://www.dmv.virginia.gov/businesses/insurance/certifications"" target=""_blank"" rel=""noopener"">Virginia DMV's official SR-22 filing requirements</a>, the filing must be maintained for your entire required period, and a lapse in coverage can trigger another suspension &mdash; even if you don't own a car. We keep close track of your renewal dates so that doesn't happen.</p>
<h2>Getting Started From Smithfield</h2>
<p>The process is straightforward: call us, tell us about your situation, and we'll shop coverage that fits your budget. Once you choose a policy, we file your SR-22 certificate directly with the Virginia DMV. For the complete step-by-step breakdown, visit our <a href=""/how-to-get-an-sr22-in-virginia-beach/"">Virginia license restoration guide</a>.</p>
<h2>Local, Responsive Service</h2>
<p>Even though we serve the entire Hampton Roads metro, we treat every Smithfield driver's situation individually. Rates, timelines, and coverage needs vary based on your specific violation and driving history, so we never quote a one-size-fits-all price. We'll give you a real number based on your actual record.</p>
<h2>Have Questions First?</h2>
<p>If you'd rather get informed before calling, our <a href=""/faq/"">helpful answers page</a> answers the questions Smithfield drivers ask us most &mdash; how much SR-22 insurance costs, how long you'll need to carry it, and what happens if your policy lapses.</p>
<h2>Get Your Free Quote Today</h2>
<p>Don't let a suspended license keep you off the road in Smithfield any longer than necessary. Stop by our office at 513 19th St ste 110, Virginia Beach, VA 23451, United States or call Tidewater SR22 Insurance Virginia Beach now for a fast, affordable SR-22 quote.</p>
<h2>Motorcycle and Non-Standard Coverage in Smithfield</h2>
<p>We don't just handle standard auto policies for Smithfield drivers. If you ride a motorcycle and require financial responsibility certification under Virginia law, you may need a motorcycle SR-22 filing before your license is reinstated &mdash; and we can help with that too. Pricing depends on your age, riding history, and the type of motorcycle you own, but motorcycle SR-22 policies are generally less expensive than a standard auto policy.</p>
<p>We also work with owner-operators and drivers who need coverage on a vehicle they don't personally own. Whatever your situation looks like, chances are we've helped a Smithfield driver through something similar before, and we'll give you a clear, honest answer about what your options are and what they'll cost.</p>
<h2>Why Speed Matters</h2>
<p>Every day without a reinstated license in Smithfield can mean missed shifts, lost income, or a harder time getting to appointments and family obligations. That's exactly why we prioritize speed without cutting corners &mdash; getting your SR-22 filed correctly the first time is what actually gets you back on the road fastest, since a rejected or delayed filing only adds more waiting on top of an already frustrating situation.</p>
<p>Call Tidewater SR22 Insurance Virginia Beach today at <a href=""tel:+17579607569"">(757) 960-7569</a> for a free, no-pressure SR-22 quote. We answer questions fast and file paperwork faster.</p>","""guide to financial responsibility filings"" -> /what-is-sr22/","""non-owner certificate of insurance"" -> /non-owners-sr22-insurance/","""Virginia license restoration guide"" -> /how-to-get-an-sr22-in-virginia-beach/","""Virginia DMV's official SR-22 filing requirements"" -> https://www.dmv.virginia.gov/businesses/insurance/certifications"
"Yorktown, VA (Location Page)",/yorktown-va/,SR22 Insurance Yorktown VA,"Need SR-22 insurance in Yorktown, VA? Tidewater SR22 Insurance Virginia Beach offers fast, affordable filings for high-risk drivers. Call (757) 960-7569.","<h1>SR-22 Insurance in Yorktown, Virginia</h1>
<p>If you're a driver in Yorktown dealing with a suspended license or an SR-22 requirement from the Virginia DMV, Tidewater SR22 Insurance Virginia Beach can help you get back on the road quickly and affordably. Yorktown sits on the historic Peninsula along the York River, and we regularly work with drivers throughout York County to get SR-22 policies quoted, bound, and filed without unnecessary delay.</p>
<p>Call <a href=""tel:+17579607569"">(757) 960-7569</a> for a free quote &mdash; most Yorktown drivers can get a policy in place the same day they call.</p>
<h2>Why Yorktown Drivers Work With Us</h2>
<p>Handling an SR-22 requirement isn't something most people have experience with, and the paperwork can feel overwhelming on top of an already stressful situation. Our team specializes specifically in high-risk driver insurance and SR-22 filings, which means we know exactly what the Virginia DMV expects and how to avoid the common mistakes that delay a filing. Not sure what an SR-22 actually is or why you need one? Our <a href=""/what-is-sr22/"">SR-22 overview and essentials</a> page explains it in plain language.</p>
<h2>Owner and Non-Owner Coverage Available</h2>
<p>Many Yorktown drivers assume they need to own a car to satisfy an SR-22 requirement &mdash; that's not the case. If you don't currently own a vehicle, a <a href=""/non-owners-sr22-insurance/"">driver-only non-owner plan</a> can satisfy Virginia's filing requirement at a lower cost than a standard auto policy, covering you as a driver of vehicles you don't own, like a borrowed or rented car. If you do own a vehicle, we'll get you set up with a standard SR-22 auto policy that meets the state's minimum coverage requirements.</p>
<h2>What Triggers an SR-22 Requirement</h2>
<p>Drivers in Yorktown typically end up needing an SR-22 after one of the following:</p>
<ul>
<li>An uninsured motor vehicle suspension or crash</li>
<li>Unsatisfied court judgments</li>
<li>Failure to provide proof of insurance during monitoring</li>
<li>Falsifying insurance certification with the DMV</li>
<li>Driver license suspension resulting from specific moving violations</li>
</ul>
<p>Per <a href=""https://www.dmv.virginia.gov/businesses/insurance/certifications"" target=""_blank"" rel=""noopener"">Virginia DMV's official SR-22 filing requirements</a>, the filing must be maintained for your entire required period, and a lapse in coverage can trigger another suspension &mdash; even if you don't own a car. We keep close track of your renewal dates so that doesn't happen.</p>
<h2>Getting Started From Yorktown</h2>
<p>The process is straightforward: call us, tell us about your situation, and we'll shop coverage that fits your budget. Once you choose a policy, we file your SR-22 certificate directly with the Virginia DMV. For the complete step-by-step breakdown, visit our <a href=""/how-to-get-an-sr22-in-virginia-beach/"">step-by-step reinstatement walkthrough</a>.</p>
<h2>Local, Responsive Service</h2>
<p>Even though we serve the entire Hampton Roads metro, we treat every Yorktown driver's situation individually. Rates, timelines, and coverage needs vary based on your specific violation and driving history, so we never quote a one-size-fits-all price. We'll give you a real number based on your actual record.</p>
<h2>Have Questions First?</h2>
<p>If you'd rather get informed before calling, our <a href=""/faq/"">frequently asked questions page</a> answers the questions Yorktown drivers ask us most &mdash; how much SR-22 insurance costs, how long you'll need to carry it, and what happens if your policy lapses.</p>
<h2>Get Your Free Quote Today</h2>
<p>Don't let a suspended license keep you off the road in Yorktown any longer than necessary. Stop by our office at 513 19th St ste 110, Virginia Beach, VA 23451, United States or call Tidewater SR22 Insurance Virginia Beach now for a fast, affordable SR-22 quote.</p>
<h2>Motorcycle and Non-Standard Coverage in Yorktown</h2>
<p>We don't just handle standard auto policies for Yorktown drivers. If you ride a motorcycle and require financial responsibility certification under Virginia law, you may need a motorcycle SR-22 filing before your license is reinstated &mdash; and we can help with that too. Pricing depends on your age, riding history, and the type of motorcycle you own, but motorcycle SR-22 policies are generally less expensive than a standard auto policy.</p>
<p>We also work with owner-operators and drivers who need coverage on a vehicle they don't personally own. Whatever your situation looks like, chances are we've helped a Yorktown driver through something similar before, and we'll give you a clear, honest answer about what your options are and what they'll cost.</p>
<h2>Why Speed Matters</h2>
<p>Every day without a reinstated license in Yorktown can mean missed shifts, lost income, or a harder time getting to appointments and family obligations. That's exactly why we prioritize speed without cutting corners &mdash; getting your SR-22 filed correctly the first time is what actually gets you back on the road fastest, since a rejected or delayed filing only adds more waiting on top of an already frustrating situation.</p>
<p>Call Tidewater SR22 Insurance Virginia Beach today at <a href=""tel:+17579607569"">(757) 960-7569</a> for a free, no-pressure SR-22 quote. We answer questions fast and file paperwork faster.</p>","""SR-22 overview and essentials"" -> /what-is-sr22/","""driver-only non-owner plan"" -> /non-owners-sr22-insurance/","""step-by-step reinstatement walkthrough"" -> /how-to-get-an-sr22-in-virginia-beach/","""Virginia DMV's official SR-22 filing requirements"" -> https://www.dmv.virginia.gov/businesses/insurance/certifications"
